작성일자,단계,레코드유형,수주명,Product
2024-03-18,Closed,뉴솔루션,343강남운영센터 AICCTV,AICCTV
2024-03-18,Drop,뉴솔루션,CJ대한통운 AICCTV,AICCTV
2024-03-18,Closed,뉴솔루션,디앤오강서사옥 AICCTV,AICCTV
2024-03-18,Drop,뉴솔루션,펄어비스운영센터 AICCTV,AICCTV
2024-03-18,Closed,뉴솔루션,한국테크노플렉스 AICCTV,AICCTV
2024-03-18,Closed,뉴솔루션,화학대전기술연구원_AICCTV,AICCTV
2024-03-22,Closed,뉴솔루션,서울1_AI CCIV_(정보보안),AICCTV
2024-03-22,Drop,뉴솔루션,전자서초 AI영상서비스,AICCTV
2024-04-09,Closed,뉴솔루션,(신한은행운영센터)수색화원CCTV설치제안,AICCTV
2024-04-17,Drop,뉴솔루션,평촌IDC운영센터_AICCTV,AICCTV
2024-04-25,Closed,뉴솔루션,서울1_AI CCTV_(디앤오강서),AICCTV
2024-04-25,Closed,뉴솔루션,서울1_AI CCTV_(환경에너지),AICCTV
2024-05-02,Closed,뉴솔루션,누디트서울숲_AICCTV,AICCTV
2024-05-27,Drop,뉴솔루션,서울1_AI CCTV_(화학운영),AICCTV
2024-06-02,Drop,뉴솔루션,SAFE_서울2_AI CCTV_CJ대한통운,AICCTV
2024-06-17,Closed,뉴솔루션,대전청년하우스 AICCTV,AICCTV
2024-06-17,Closed,뉴솔루션,스테이소제 AICCTV,AICCTV
2024-07-01,Closed,뉴솔루션,신라교역 AICCTV,AICCTV
2024-08-06,Closed,뉴솔루션,캠코 서대문세무서 AICCTV,AICCTV
2024-08-06,Closed,뉴솔루션,캠코 양재빌딩 AICCTV,AICCTV
2024-08-06,Closed,뉴솔루션,캠코 저동빌딩 AICCTV,AICCTV
2024-08-28,Closed,뉴솔루션,펄어비스아트센터 AICCTV,AICCTV
2024-09-06,Drop,뉴솔루션,"LG 4개빌딩 AICCTV(가산,광화문,서울역,트윈)",AICCTV
2024-09-06,Drop,뉴솔루션,롯데이천슈퍼센터 AICCTV,AICCTV
2024-09-06,Drop,뉴솔루션,중부1_미스터홈즈_AICCTV,AICCTV
2024-09-06,Closed,뉴솔루션,화학대전기술연구원 AICCTV 추가설치,AICCTV
2024-09-10,Closed,뉴솔루션,용산유플러스 AICCTV,AICCTV
2024-09-11,Closed,뉴솔루션,DM스퀘어 AICCTV,AICCTV
2024-09-24,Pipeline,뉴솔루션,한국타이어테크노돔 AICCTV,AICCTV
2024-10-02,Closed,뉴솔루션,SP LG화학 AICCTV,AICCTV
2024-10-02,Closed,뉴솔루션,SP1차부지 AICCTV,AICCTV
2024-10-02,Closed,뉴솔루션,서브원물류센터 AICCTV,AICCTV
2024-10-10,Closed,뉴솔루션,신한은행수색화원 AICCTV,AICCTV
2024-11-19,Closed,뉴솔루션,KT&G을지로 AICCTV,AICCTV
2024-11-25,Closed,뉴솔루션,SP LG에너지솔루션 AICCTV,AICCTV
2024-11-25,Closed,뉴솔루션,SP LG화학 AICCTV 추가 설치 건,AICCTV
2024-12-15,견적 요청,샌디 영업물건,[샌디몰 견적신청] 2024-12-15 - AI CCTV(24개월),AICCTV
2025-01-14,Pipeline,뉴솔루션,대전헤레디움 AICCTV,AICCTV
2025-01-15,Pipeline,뉴솔루션,Safe_AI CCTV_CPO(25년),AICCTV
2025-01-20,Pipeline,뉴솔루션,SAFE_AICCTV_신규현장CCTV구축공사(25년),AICCTV
2025-01-20,Pipeline,뉴솔루션,SAFE_AICCTV_신규현장서비스(25년),AICCTV
2025-01-20,Pipeline,뉴솔루션,서대문세무서 AICCTV,AICCTV
2024-07-11,Closed,뉴솔루션,ZF_Safe_트윈타워_컬리창원 물류센터 컨설팅,FM컨설팅
2024-07-17,Closed,뉴솔루션,2Q-11. 서울4본부-솔루션-공연장 안전점검 컨설팅-제이와이피,FM컨설팅
2024-07-17,Closed,뉴솔루션,3Q-12. 서울4본부-솔루션-안전보건관리 컨설팅-제이와이피,FM컨설팅
2024-07-18,Closed,뉴솔루션,2Q-17. 서울4본부-솔루션-FM컨설팅-공공부문 정보시스템 운영신설 안전컨설팅,FM컨설팅
2024-07-22,Closed,뉴솔루션,LG전자 물류센터 자산실사,FM컨설팅
2024-08-29,Closed,뉴솔루션,시설 비상주 단독건물(13개소)점검컨설팅,FM컨설팅
2024-11-04,Closed,뉴솔루션,3Q-22. 서울4본부-솔루션-청년취업사관학교 시설관리 전문가 컨설팅 용역,FM컨설팅
2024-11-21,Closed,뉴솔루션,KT&G 분당타워 FM컨설팅,FM컨설팅
2024-12-06,Drop,뉴솔루션,서리풀 복합단지 컨설팅,FM컨설팅
2024-12-17,Closed,뉴솔루션,Ensol Ohio Plant 컨설팅,FM컨설팅
2025-01-20,Pipeline,뉴솔루션,SAFE_비상주시설물_외부다점포매장(25년),Patrol/SOS
2024-02-22,Pipeline,뉴솔루션,서울4본부_솔루션-UPS 밧데리 화재진압장치-이노텍파주,UPS화재안전
2024-04-09,Pipeline,뉴솔루션,(삭제)(신한은행운영센터)_전국영업점간판청소제안,간판점검/세척
2024-04-29,Drop,뉴솔루션,"[삭제](BS운영센터)간판수선,교체",간판점검/세척
2025-01-20,Pipeline,뉴솔루션,CLEAN_간판점검및세척(P)_TOPTEN(25년),간판점검/세척
2024-02-15,Closed,뉴솔루션,실내공기질서비스(실내공기질전도성필터),공기질서비스
2024-02-23,Drop,뉴솔루션,24년 솔루션목표(BIFC)_Sandi Safe(공기질),공기질서비스
2024-07-21,Closed,뉴솔루션,SAFE_서울2_건물 맞춤형 공조필터_U+가산IDC,공조필터
2024-03-21,Drop,뉴솔루션,[삭제] 서울1_기계설비 성능점검_(2차부지),기계설비점검
2024-03-22,Closed,뉴솔루션,서울1_기계설비 성능점검(디앤오강서),기계설비점검
2024-03-22,Closed,뉴솔루션,서울1_기계설비 성능점검_(뉴파워),기계설비점검
2024-04-25,Drop,뉴솔루션,[삭제] 서울1_기계설비 성능점검(엑셈),기계설비점검
2024-04-25,Closed,뉴솔루션,서울1_기계설비 성능점검_(LG아트센터),기계설비점검
2024-04-29,Closed,뉴솔루션,(국민은행종암운영센터)기계설비 법정성능 자체수행,기계설비점검
2024-05-27,Drop,뉴솔루션,[삭제] 서울1_기계설비 성능점검_(CA),기계설비점검
2024-06-02,Closed,뉴솔루션,SAFE_서울2_기계설비 성능 점검_LF스퀘어인천,기계설비점검
2024-06-02,Closed,뉴솔루션,SAFE_서울2_기계설비 성능 점검_U+가산IDC,기계설비점검
2024-06-02,Closed,뉴솔루션,SAFE_서울2_기계설비 성능 점검_U+독산,기계설비점검
2024-06-02,Closed,뉴솔루션,SAFE_서울2_기계설비 성능 점검_U+시흥고객,기계설비점검
2024-06-02,Closed,뉴솔루션,SAFE_서울2_기계설비 성능 점검_엘지가산,기계설비점검
2024-06-02,Closed,뉴솔루션,SAFE_서울2_기계설비 성능 점검_청라금융빌딩,기계설비점검
2024-06-11,Closed,뉴솔루션,전국구 Sales_Product_Commit_Safe_기계설비 성능점검_뉴파워프라즈마수원,기계설비점검
2024-07-05,Closed,뉴솔루션,1Q-04. 서울4본부-솔루션-기계설비 성능점검-마포,기계설비점검
2024-07-17,Closed,뉴솔루션,2Q-07. 서울4본부-솔루션-기계설비 성능점검-U+상암,기계설비점검
2024-07-17,Closed,뉴솔루션,2Q-08. 서울4본부-솔루션-기계설비 성능점검-U+용산,기계설비점검
2024-07-26,Closed,뉴솔루션,[2024년] JW과천사옥 기계설비 성능점검,기계설비점검
2024-07-26,Closed,뉴솔루션,[2024년] U+안양 기계설비 성능점검,기계설비점검
2024-07-26,Closed,뉴솔루션,[2024년] U+평촌2 기계설비 성능점검,기계설비점검
2024-07-26,Closed,뉴솔루션,[2024년] 에너지솔루션과천연구소 기계설비 성능점검,기계설비점검
2024-07-26,Drop,뉴솔루션,[2024년] 펄어비스 기계설비 성능점검,기계설비점검
2024-07-26,Closed,뉴솔루션,[2024년] 화학리더십 기계설비 성능점검,기계설비점검
2024-07-26,Closed,뉴솔루션,[2024년] 화학오산 기계설비 성능점검,기계설비점검
2024-07-30,Drop,뉴솔루션,[2024년] 서울예대기숙사 기계설비 성능점검,기계설비점검
2024-08-23,Drop,샌디 영업물건,[샌디몰 견적신청] 2024-08-23 - 기계설비 성능점검,기계설비점검
2024-08-27,Drop,샌디 영업물건,[샌디몰 견적신청] 2024-08-27 - 기계설비 성능점검,기계설비점검
2024-09-02,Closed,뉴솔루션,SAFE_서울2_기계설비 성능 점검_엘지가산(LG CNS 전용부),기계설비점검
2024-09-12,Closed,뉴솔루션,서울6_기계설비 성능점검(메리츠타워),기계설비점검
2024-10-17,Drop,뉴솔루션,삭제)SAFE_기계설비성능점검_디앤오강서사옥운영센터,기계설비점검
2024-10-30,견적,샌디 영업물건,[샌디몰 견적신청] 2024-10-30 - 기계설비 성능점검,기계설비점검
2024-11-18,Pipeline,뉴솔루션,솔루션-기계성능설비점검-엘지가산디지털,기계설비점검
2024-12-04,견적 요청,샌디 영업물건,[샌디몰 패키지 견적신청] 2024-12-04 - 기계설비 성능점검 외 1건,기계설비점검
2025-01-20,Pipeline,뉴솔루션,SAFE_기계설비성능점검_내부현장(25년),기계설비점검
2025-01-21,견적 요청,샌디 영업물건,[샌디몰 견적신청] 2025-01-21 - 기계설비 성능점검,기계설비점검
2025-01-22,견적 요청,샌디 영업물건,[샌디몰 견적신청] 2025-01-22 - 기계설비 성능점검,기계설비점검
2024-03-21,Drop,뉴솔루션,[삭제]서울1_내자리 케어(DP2),내자리케어
2024-03-22,Drop,뉴솔루션,[삭제] 서울1_내자리 케어(케이지스퀘어),내자리케어
2024-03-22,Drop,뉴솔루션,[삭제] 서울1_내자리 케어_(CA),내자리케어
2024-03-22,Drop,뉴솔루션,서울1_내자리케어_(EA센터),내자리케어
2024-04-09,Drop,뉴솔루션,삭제(신한은행운영센터)내자리케어서비스제안,내자리케어
2024-04-25,Drop,뉴솔루션,[삭제] 서울1_내자리 케어_(2차부지),내자리케어
2024-09-06,Closed,뉴솔루션,솔루션-내자리케어-LG생활연수원,내자리케어
2024-09-06,Drop,뉴솔루션,중부1_쿠팡풀필먼트_내자리케어,내자리케어
2024-11-15,Closed,뉴솔루션,CLEAN_내자리케어_LG화학오산운영센터-사총,내자리케어
2024-11-15,Closed,뉴솔루션,솔루션-내자리케어-LS타워,내자리케어
2024-04-09,Closed,뉴솔루션,(광화문빌딩운영센터)다회용컵서비스제안,다회용컵렌탈
2024-06-11,Drop,뉴솔루션,서울2본부_다회용 컵_LG마그나,다회용컵렌탈
2024-08-23,Closed,뉴솔루션,도감청 탐지 서비스,도감청탐지
2024-02-29,Drop,뉴솔루션,SAFE_서울2_GS리테일 매장 디밍시스템 적용,디밍제어솔루션
2024-04-09,Drop,뉴솔루션,(삭제)(신한은행운영센터)주요빌딩 스마트 LED 설치,디밍제어솔루션
2024-04-16,Drop,뉴솔루션,(삭제)(KT&G 운영센터)KT&G 스마트 LED 설치,디밍제어솔루션
2024-04-16,Drop,뉴솔루션,(삭제)(동양생명운영센터)동양생명 스마트 LED 설치,디밍제어솔루션
2024-04-15,Drop,뉴솔루션,서울6본부_켄틴서비스_TNM,라운지서비스
2024-04-16,Drop,뉴솔루션,[삭제]서울2본부_켄틴서비스_제이시스,라운지서비스
2024-02-13,Pipeline,뉴솔루션,[목표]U+ 대전 R&D 매트리스 케어 서비스 제공,매트리스케어
2024-03-18,Drop,뉴솔루션,남부1본부_매트리스케어_U+대전R&D운영센터,매트리스케어
2024-04-25,Drop,뉴솔루션,[삭제] 서울1_매트리스케어(CA),매트리스케어
2024-07-05,Drop,뉴솔루션,중부2본부_매트리스케어_곤지암리조트,매트리스케어
2024-07-15,Pipeline,뉴솔루션,"[목표]화학대전, 대산, 여수 공장 사원아파트 메트리스 케어 서비스 제공",매트리스케어
2024-10-18,Closed,뉴솔루션,중부2본부_매트리스케어_인화원,매트리스케어
2025-01-14,Pipeline,뉴솔루션,LIFE_매트리스케어_U+대전R&D,매트리스케어
2024-07-22,Drop,뉴솔루션,무인우편택배_마크로밀엠브레인,무인우편택배
2024-07-22,Drop,뉴솔루션,서울6본부_무인우편택배_아주디자인 강동사옥,무인우편택배
2024-09-06,Drop,뉴솔루션,중부1_쿠팡풀필먼트_무인택배,무인우편택배
2024-03-18,Drop,뉴솔루션,서울2본부_주차장세차_GS강서타워운영센터,방문세차
2024-03-21,Closed,뉴솔루션,서울1_주차장세차(EA센터),방문세차
2024-03-22,Closed,뉴솔루션,서울1_주차장 세차_(화학운영),방문세차
2024-03-22,Drop,뉴솔루션,전자서초 세차서비스,방문세차
2024-03-22,Pipeline,뉴솔루션,전자양재 세차서비스,방문세차
2024-04-09,Closed,뉴솔루션,(광화문빌딩운영센터)세차서비스제안,방문세차
2024-04-15,Closed,뉴솔루션,방문세차 서비스_LGES오창공장,방문세차
2024-04-25,Closed,뉴솔루션,서울1_주차장 세차(CA),방문세차
2024-04-25,Closed,뉴솔루션,서울1_주차장 세차_(2차부지),방문세차
2024-05-08,Drop,뉴솔루션,방문세차 서비스_씨지인바이츠,방문세차
2024-05-08,Closed,뉴솔루션,방문세차서비스_인피니티타워,방문세차
2024-05-23,Drop,뉴솔루션,방문세차 서비스_디앤오강남빌딩,방문세차
2024-06-02,Drop,뉴솔루션,LIFE_서울2_주차장세차_GS강서타워,방문세차
2024-07-23,Drop,샌디 영업물건,"[샌디몰 패키지 견적신청] 2024-07-23 - 방문 세차(12개월, 월 2회 방문, 외부2회+내부1회) 외 1건",방문세차
2024-08-16,Pipeline,뉴솔루션,LIFE_방문세차_LGES오창공장(B2B),방문세차
2024-09-03,Closed Lost,샌디 영업물건,"[샌디몰 견적신청] 2024-09-03 - 방문 세차(12개월, 월 2회 방문, 외부2회+내부1회)",방문세차
2024-10-21,Pipeline,뉴솔루션,LIFE_방문세차_트윈타워(25년),방문세차
2024-10-21,Drop,뉴솔루션,방문세차_LG전자 마곡,방문세차
2024-10-21,Closed,뉴솔루션,방문세차_포티투닷,방문세차
2024-10-30,Drop,뉴솔루션,방문세차_LX하우시스,방문세차
2025-01-14,Drop,뉴솔루션,LIFE_방문세차_자이C&A,방문세차
2025-02-03,Pipeline,뉴솔루션,LIFE_방문세차_자이C&A(25년),방문세차
2024-03-18,Closed,뉴솔루션,CLEAN_정기방문청소_LG U+ MSA서비스개발LAB,방문청소
2024-03-18,Closed,뉴솔루션,CLEAN_정기방문청소_라이프라이크(사총),방문청소
2024-03-18,Closed,뉴솔루션,CLEAN_정기방문청소_에프지코리아,방문청소
2024-03-18,Closed,뉴솔루션,CLEAN_정기방문청소_잇올스파르타_1차분,방문청소
2024-03-18,Drop,뉴솔루션,CLEAN_정기방문청소_제이시스메디칼 가산부천-삭제,방문청소
2024-03-18,Closed,뉴솔루션,CLEAN_정기방문청소_제이시스메디칼 강남(사총),방문청소
2024-03-18,Drop,뉴솔루션,CLEAN_정기방문청소_파이브가이즈(강남),방문청소
2024-03-23,Closed,뉴솔루션,CLEAN_서울2_하이프라자 비상주 미화 (바닥/카펫),방문청소
2024-03-25,Drop,뉴솔루션,CLEAN_정기방문청소_박스터_과천,방문청소
2024-04-09,Drop,뉴솔루션,삭제(신한은행운영센터)대청소1회추가실행제안,방문청소
2024-04-11,Closed,뉴솔루션,CLEAN-정기방문청소-M11빌딩,방문청소
2024-04-15,Drop,뉴솔루션,CLEAN_정기방문청소_스파크플러스,방문청소
2024-04-15,Drop,뉴솔루션,CLEAN_정기방문청소_하이프라자,방문청소
2024-04-16,Drop,뉴솔루션,CLEAN_정기방문청소_AWS,방문청소
2024-04-16,Drop,뉴솔루션,CLEAN_정기방문청소_르하임스터디카페,방문청소
2024-04-16,Drop,뉴솔루션,CLEAN_정기방문청소_르호봇,방문청소
2024-04-16,Drop,뉴솔루션,CLEAN_정기방문청소_메가커피,방문청소
2024-04-16,Drop,뉴솔루션,CLEAN_정기방문청소_모두의주방,방문청소
2024-04-16,Drop,뉴솔루션,CLEAN_정기방문청소_위워크,방문청소
2024-04-16,Drop,뉴솔루션,CLEAN_정기방문청소_이디야커피,방문청소
2024-04-16,Drop,뉴솔루션,CLEAN_정기방문청소_작심스터디카페,방문청소
2024-04-16,Drop,뉴솔루션,CLEAN_정기방문청소_초심스터디카페,방문청소
2024-04-16,Drop,뉴솔루션,CLEAN_정기방문청소_컴포즈커피,방문청소
2024-04-16,Drop,뉴솔루션,CLEAN_정기방문청소_클라우드나인,방문청소
2024-04-16,Drop,뉴솔루션,CLEAN_정기방문청소_키친42,방문청소
2024-04-16,Drop,뉴솔루션,CLEAN_정기방문청소_키친밸리,방문청소
2024-04-16,Drop,뉴솔루션,CLEAN_정기방문청소_투썸플레이스,방문청소
2024-04-16,Drop,뉴솔루션,CLEAN_정기방문청소_패스트파이브,방문청소
2024-04-16,Drop,뉴솔루션,CLEAN_정기방문청소_퍼스트키친,방문청소
2024-04-16,Drop,뉴솔루션,CLEAN_정기방문청소_플래그원,방문청소
2024-04-25,Closed,뉴솔루션,3Q-15. 서울4본부-솔루션-정기방문청소-에퀴닉스,방문청소
2024-05-16,Drop,뉴솔루션,CLEAN_정기방문청소_파이브가이즈(서울역),방문청소
2024-08-08,Drop,뉴솔루션,CLEAN_정기방문청소_잇올스파르타_2차분,방문청소
2024-08-17,Drop,뉴솔루션,CLEAN_서울2_하이프라자 비상주 미화 (외벽),방문청소
2024-08-30,Drop,뉴솔루션,CLEAN_정기방문청소_서울6(아주디자인)_삭제,방문청소
2024-08-30,Closed,뉴솔루션,CLEAN_정기방문청소_중부2(LX세미콘오피스텔),방문청소
2024-08-30,Closed,뉴솔루션,CLEAN_정기방문청소_중부2(골프존 고등),방문청소
2024-09-06,Closed,뉴솔루션,CLEAN_정기방문청소_제이시스메디칼 가산부천-미화,방문청소
2024-10-25,Drop,뉴솔루션,CLEAN_서울2_H&M 정기방문 청소,방문청소
2024-11-15,Closed,뉴솔루션,CLEAN_정기방문청소(바닥크리닝)_서울1본부-사총,방문청소
2024-11-15,Pipeline,뉴솔루션,서울4본부-솔루션-정기방문청소-에퀴닉스(사총),방문청소
2024-11-15,Closed,뉴솔루션,솔루션-정기방문청소-GS타워/싱카이 역삼-사총,방문청소
2024-11-15,Drop,뉴솔루션,솔루션-정기방문청소-LS엠트론-사총,방문청소
2024-11-15,Pipeline,뉴솔루션,솔루션-정기방문청소-메리츠타워(사총),방문청소
2024-11-22,Pipeline,뉴솔루션,CLEAN-정기방문청소-LXMMA둔곡,방문청소
2024-12-09,Target,뉴솔루션,위워크코리아 클리닝서비스,방문청소
2025-01-17,Closed,뉴솔루션,CLEAN-정기방문청소-한국앤컴퍼니,방문청소
2025-01-20,Pipeline,뉴솔루션,CLEAN_정기방문청소_서울여대(25년),방문청소
2025-01-20,Pipeline,뉴솔루션,CLEAN_정기방문청소_스파크플러스(25년),방문청소
2025-01-20,Pipeline,뉴솔루션,CLEAN_정기방문청소_잇올스파르타2차분(25년),방문청소
2025-01-20,Pipeline,뉴솔루션,CLEAN_정기방문청소_주차장클리닝(25년),방문청소
2025-01-20,Pipeline,뉴솔루션,CLEAN_정기방문청소_패스트파이브(25년),방문청소
2025-01-20,Pipeline,뉴솔루션,CLEAN_정기방문청소_한국타이어(25년),방문청소
2024-03-18,Closed,뉴솔루션,CLEAN-법정의무소독-M11빌딩,법정소독
2024-04-25,Drop,뉴솔루션,[삭제] 서울1_법정의무소독_(2차부지),법정소독
2024-08-26,Drop,샌디 영업물건,[샌디몰 패키지 견적신청] 2024-08-26 - 빌딩 법정 의무 소독 (기본형) 외 2건,법정소독
2024-08-30,Drop,뉴솔루션,CLEAN_법정의무소독_서울6(아주디자인)_삭제,법정소독
2024-09-06,Drop,뉴솔루션,중부1_쿠팡풀필먼트_소독/방제,법정소독
2024-09-23,Drop,뉴솔루션,CLEAN-법정의무소독-한석타워,법정소독
2025-01-08,Drop,샌디 영업물건,[샌디몰 패키지 견적신청] 2025-01-08 - 빌딩 법정 의무 소독 (기본형) 외 1건,법정소독
2024-06-11,Closed,뉴솔루션,중부2본부_비데솔루션_한국테크노플렉스운영센터,비데
2024-06-17,Drop,뉴솔루션,[삭제]중부2본부_비데솔루션_한국테크노프렉스운영센터,비데
2024-12-06,Pipeline,뉴솔루션,LIFE_비데_SP운영센터(DP2),비데
2024-02-15,Drop,뉴솔루션,24년 솔루션목표(DGIST)_Sandi Interior,사무환경개선
2024-02-15,Drop,뉴솔루션,24년 솔루션목표(UNIST)_Sandi Interior,사무환경개선
2024-02-16,Closed,뉴솔루션,전국구 Sales_Product_Commit_Interior_중부1본부,사무환경개선
2024-02-29,Drop,뉴솔루션,INTERIOR_서울2_엘지가산 입주사 원복 공사,사무환경개선
2024-03-18,Closed,뉴솔루션,[수주]파크원 타워1 64층 엘지 에너지솔루션 고객편의공간 설계 용역,사무환경개선
2024-03-22,Drop,뉴솔루션,[삭제]서울1_사무환경개선_(브랜드컴),사무환경개선
2024-03-29,Drop,뉴솔루션,LG인화원 상남홀 벽면 인테리어 공사,사무환경개선
2024-03-29,Drop,뉴솔루션,LG인화원 생활관W2 객실 리모델링 공사,사무환경개선
2024-04-09,Drop,뉴솔루션,(삭제)(서울역빌딩운영센터)임대수선공사,사무환경개선
2024-04-16,Drop,뉴솔루션,[삭제]파트너사 본사이전 사무환경 조성 공사,사무환경개선
2024-04-16,Drop,뉴솔루션,Captive 연말 사무환경 레이아웃 공사,사무환경개선
2024-04-16,Drop,뉴솔루션,LGD 트윈타워 CEO실 레이아웃공사,사무환경개선
2024-05-17,Drop,뉴솔루션,[삭제]LG디스플레이 트윈타워 스마트오피스 공사,사무환경개선
2024-05-17,Drop,뉴솔루션,[삭제]포스코타워 송도 주차장 환경개선 공사,사무환경개선
2024-05-17,Closed,뉴솔루션,[수주]LG유플러스 전국사업장 사무환경 개선 공사,사무환경개선
2024-05-17,Pipeline,뉴솔루션,D&O 플래그원1,사무환경개선
2024-05-17,Pipeline,뉴솔루션,자이 C&A 사옥이전공사,사무환경개선
2024-06-25,Drop,뉴솔루션,GS건설 그랑서울 사내카페 인테리어,사무환경개선
2024-07-10,Drop,뉴솔루션,카카오뱅크 인테리어,사무환경개선
2024-07-25,Pipeline,뉴솔루션,펄어비스 의장실 리모델링공사,사무환경개선
2024-09-06,Drop,뉴솔루션,D&O플래그원 마곡캠프 설계용역,사무환경개선
2024-09-10,Pipeline,뉴솔루션,신사동 655-5 리모델링,사무환경개선
2025-01-17,Pipeline,뉴솔루션,Interior_사무환경개선_본부사업장 운영센터사무환경개선(25년),사무환경개선
2025-01-17,Pipeline,뉴솔루션,Interior_사무환경개선_외부고객사무환경공사및설계(25년),사무환경개선
2025-01-17,Pipeline,뉴솔루션,Interior_사무환경개선_파트너사영업_국보(25년),사무환경개선
2025-01-17,Pipeline,뉴솔루션,Interior_사무환경개선_파트너사영업_다원(25년),사무환경개선
2025-01-17,Pipeline,뉴솔루션,Interior_사무환경개선_파트너사영업_엑사(25년),사무환경개선
2024-04-15,Drop,뉴솔루션,샌디앱_GIT빌딩,샌디앱
2024-04-15,Drop,뉴솔루션,샌디앱_GS타워 대시보드 구축,샌디앱
2024-04-15,Drop,뉴솔루션,샌디앱_KT&G 본사사옥 회의실예약시스템,샌디앱
2024-04-15,Drop,뉴솔루션,샌디앱_KTDS빌딩,샌디앱
2024-04-15,Drop,뉴솔루션,샌디앱_LG사이언스파크 DP2 주차시스템,샌디앱
2024-04-15,Drop,뉴솔루션,샌디앱_LG사이언스파크 비상대피 기능 개발_LG전자,샌디앱
2024-04-15,Drop,뉴솔루션,샌디앱_S-Oil T&D센터 (에쓰오일 마곡),샌디앱
2024-04-15,Drop,뉴솔루션,샌디앱_방배빌딩,샌디앱
2024-04-15,Drop,뉴솔루션,샌디앱_센터필드 샌디앱 도입(모카),샌디앱
2024-04-15,Drop,뉴솔루션,샌디앱_스파크플러스,샌디앱
2024-04-15,Drop,뉴솔루션,샌디앱_신성이앤지,샌디앱
2024-04-15,Drop,뉴솔루션,샌디앱_오로라월드빌딩,샌디앱
2024-04-15,Drop,뉴솔루션,샌디앱_조은시스템 협업,샌디앱
2024-04-16,Pipeline,뉴솔루션,샌디앱_LG전자 서초R&D캠퍼스 공유오피스,샌디앱
2024-04-16,Drop,뉴솔루션,샌디앱_SAAS형 영업,샌디앱
2024-04-16,Drop,뉴솔루션,샌디앱_공장판매,샌디앱
2024-04-16,Closed,뉴솔루션,샌디앱_펄어비스 온습도 추가 설치,샌디앱
2024-04-16,Drop,뉴솔루션,샌디앱_학교/기숙사 판매,샌디앱
2024-04-26,Closed,뉴솔루션,샌디앱_스마트빌 배너광고,샌디앱
2024-04-26,Drop,뉴솔루션,샌디앱_시몬스,샌디앱
2024-05-07,Drop,뉴솔루션,샌디앱_쿠팡,샌디앱
2024-05-07,Drop,뉴솔루션,샌디앱_한국투자증권,샌디앱
2024-05-29,Drop,뉴솔루션,샌디앱_LGIT 회의실 예약 시스템(SP),샌디앱
2024-05-29,Drop,뉴솔루션,샌디앱_분당퍼스트타워 모바일 사원증,샌디앱
2024-06-11,Drop,뉴솔루션,중부1_쿠팡풀필먼트_샌디앱,샌디앱
2024-07-08,Closed,뉴솔루션,샌디앱_캠코자산관리,샌디앱
2024-07-12,Closed,뉴솔루션,샌디앱_동국제약,샌디앱
2024-08-28,Drop,뉴솔루션,샌디웹 회의실 예약,샌디앱
2024-09-06,Drop,뉴솔루션,중부1_도시곳간_샌디앱,샌디앱
2024-09-09,Pipeline,뉴솔루션,샌디앱_LG사이언스파크 비상대피 기능 개발_LG이노텍,샌디앱
2024-10-22,Drop,뉴솔루션,LIFE_샌디앱_고려대연각빌딩,샌디앱
2024-10-22,Pipeline,뉴솔루션,LIFE_샌디앱_민주화운동기념관,샌디앱
2025-01-15,Pipeline,뉴솔루션,LIFE_SANDI APP_CPO(25년),샌디앱
2024-09-06,Drop,뉴솔루션,중부1_도시곳간_소모품구매대행,소모품구매대행
2024-09-06,Drop,뉴솔루션,중부1_쿠팡풀필먼트_소모품구매대행,소모품구매대행
2024-03-22,Drop,뉴솔루션,[삭제] 서울1_소방안전점검(화학SP안전환경),소방안전점검
2024-03-22,Closed,뉴솔루션,서울1_소방안전점검_(LG아트센터),소방안전점검
2024-03-22,Drop,뉴솔루션,서울1_소방안전점검_(뉴파워),소방안전점검
2024-03-22,Drop,뉴솔루션,서울1_소방안전점검_(씨지인바이츠),소방안전점검
2024-03-22,Drop,뉴솔루션,서울1_소방안전점검_(엑셈),소방안전점검
2024-04-25,Closed,뉴솔루션,서울1_소방안전점검_(건와빌딩),소방안전점검
2024-02-15,Closed,뉴솔루션,24년 솔루션목표(BIFC)_Sandi Life(스낵&캡슐커피),스낵플러스
2024-03-18,Drop,뉴솔루션,서울4본부_스낵플러스_테슬라서비스센터,스낵플러스
2024-03-18,Drop,뉴솔루션,서울6본부_스낵서비스_삼성엔지니어링,스낵플러스
2024-03-22,Drop,뉴솔루션,U+논현IDC 스낵플러스판매,스낵플러스
2024-03-22,Drop,뉴솔루션,U+서초IDC 스낵사업,스낵플러스
2024-03-22,Pipeline,뉴솔루션,디앤오강남빌딩 스낵 판매,스낵플러스
2024-03-22,Drop,뉴솔루션,삭제_서울6BS-스낵 스낵서비스,스낵플러스
2024-03-22,Drop,뉴솔루션,서울6BS-스낵 사무(P),스낵플러스
2024-03-22,Drop,뉴솔루션,서울6BS-스낵 스낵 신규 수주,스낵플러스
2024-04-16,Closed,뉴솔루션,패스트파이브 스낵플러스,스낵플러스
2024-04-19,Drop,뉴솔루션,하이퍼커넥트 스낵플러스,스낵플러스
2024-04-25,Drop,뉴솔루션,서울4본부_솔루션-스낵플러스-Tesla,스낵플러스
2024-04-29,Drop,뉴솔루션,(서울역운영센터)스낵서비스,스낵플러스
2024-06-28,Pipeline,뉴솔루션,LIFE_스낵서비스_LGAI연구원(25년),스낵플러스
2024-07-22,Drop,뉴솔루션,서울6본부_스낵서비스_아주디자인 강동사옥,스낵플러스
2024-06-11,Closed,뉴솔루션,서울1본부_스마트메일룸_SP(2차부지),스마트메일룸
2025-01-17,Pipeline,뉴솔루션,Interior_스마트큐브_내/외부고객(25년),스마트큐브
2024-07-22,Drop,뉴솔루션,서울6본부_승강기보양재_아주디자인 강동사옥,승강기보양재
2024-07-17,Closed,뉴솔루션,2Q-16. 서울4본부-솔루션-비상주 시설물 안전점검-탑텐,시설물안전점검
2025-01-15,Pipeline,뉴솔루션,Safe_안전패키지_CPO(25년),안전용품PKG
2024-07-05,Closed,뉴솔루션,1Q-03. 서울4본부-솔루션-안전체험교육 유니클로,안전체험교육
2024-07-17,Closed,뉴솔루션,2Q-09. 서울4본부-솔루션-체험형 안전교육-케이비자산운용,안전체험교육
2024-07-17,Closed,뉴솔루션,2Q-10. 서울4본부-솔루션-체험형 안전교육-키움투자자산운용,안전체험교육
2024-04-16,Drop,뉴솔루션,SAFE_미끄럼방지 안전화_생활연수원운영센터,안전화
2024-04-16,Drop,뉴솔루션,SAFE_미끄럼방지 안전화_신한은행 사업장,안전화
2024-11-18,Pipeline,뉴솔루션,K스퀘어 마곡 오피스 초기 셋업 패키지,오피스셋업PKG
2025-01-15,Pipeline,뉴솔루션,LIFE_셋업패키지_CPO(25년),오피스셋업PKG
2024-02-16,Closed,뉴솔루션,전국구 Sales_Product_Commit_Safe_중부1본부,원격감시
2024-04-15,Drop,뉴솔루션,SAFE_원격감시_343강남운영센터,원격감시
2024-04-15,Drop,뉴솔루션,SAFE_원격감시_건와빌딩,원격감시
2024-04-15,Drop,뉴솔루션,SAFE_원격감시_메리츠타워운영센터,원격감시
2024-04-15,Drop,뉴솔루션,SAFE_원격감시_픽셀플러스판교운영센터,원격감시
2024-04-25,Pipeline,뉴솔루션,'25년-서울4본부-솔루션-RMS 설치-청담 일진빌딩/ 서초 우제빌딩,원격감시
2024-04-30,Drop,뉴솔루션,(삭제)(소액수선)신한은행영업점 EMS설치,원격감시
2024-05-16,Drop,뉴솔루션,SAFE_원격감시_누디트홍대운영센터,원격감시
2024-06-02,Pipeline,뉴솔루션,SAFE_서울2_원격감시_롯데슈퍼 냉장비 관제,원격감시
2024-07-05,Drop,뉴솔루션,SAFE_원격감시_TYM운영센터,원격감시
2024-07-05,Drop,뉴솔루션,SAFE_원격감시_신라교역고덕사옥운영센터,원격감시
2024-07-18,Drop,뉴솔루션,SAFE_원격감시_코크렙안양,원격감시
2024-07-21,Pipeline,뉴솔루션,SAFE_서울2_롯데슈퍼 냉장비 원격관제시스템(SEMS) 구축,원격감시
2024-09-06,Drop,뉴솔루션,중부1_쿠팡풀필먼트_원격감시,원격감시
2024-10-25,Pipeline,뉴솔루션,SAFE_서울2_비마트 냉장비 원격관제시스템(SEMS) 구축,원격감시
2024-11-08,Closed,뉴솔루션,4Q-서울4본부-솔루션-RMS 구축-U+통신국사,원격감시
2025-01-14,Pipeline,뉴솔루션,SAFE_원격감시_롯데마트,원격감시
2025-01-14,Pipeline,뉴솔루션,SAFE_원격감시_애슐리,원격감시
2025-01-14,Pipeline,뉴솔루션,SAFE_원격감시_테슬라,원격감시
2025-01-15,Pipeline,뉴솔루션,Safe_원격감시_CPO(25년),원격감시
2025-01-20,Pipeline,뉴솔루션,SAFE_원격감시_TP타워CCTV구축공사(25년),원격감시
2025-01-20,Pipeline,뉴솔루션,SAFE_원격감시_롯데마트25개점(25년),원격감시
2025-01-20,Pipeline,뉴솔루션,SAFE_원격감시_매장형원격감시(25년),원격감시
2025-01-20,Pipeline,뉴솔루션,SAFE_원격감시_중소형빌딩RMS(25년),원격감시
2024-03-22,Drop,뉴솔루션,U+논현운영센터 라이프 상품 판매,원두구독
2024-03-22,Pipeline,뉴솔루션,대신위례 커피 상품 판매,원두구독
2024-03-22,Pipeline,뉴솔루션,디앤오강남빌딩 커피 캡슐 판매,원두구독
2024-03-22,Drop,뉴솔루션,서울6BS-스낵 커피,원두구독
2024-03-22,Closed,뉴솔루션,서울6본부-스낵 삼성화재 커피서비스,원두구독
2024-06-11,Drop,뉴솔루션,패스트파이브 원두구독,원두구독
2024-11-15,Closed,뉴솔루션,KT&G 한수원 원복공사,원상복구공사
2024-11-14,Closed,뉴솔루션,SAFE_웨어러블 에어백_외부사업장(11월말까지),웨어러블에어백
2024-11-14,Closed,뉴솔루션,SAFE-웨어러블에어백-서울1(10월 판매분),웨어러블에어백
2024-11-14,Closed,뉴솔루션,SAFE-웨어러블에어백-서울1(11월 판매분),웨어러블에어백
2025-01-07,견적 요청,샌디 영업물건,[샌디몰 견적신청] 2025-01-07 - 웨어러블 에어백,웨어러블에어백
2025-01-08,견적 요청,샌디 영업물건,[샌디몰 견적신청] 2025-01-08 - 웨어러블 에어백,웨어러블에어백
2025-01-15,Pipeline,뉴솔루션,SAFE_웨어러블 에어백_대신로지스틱스(1/13),웨어러블에어백
2025-01-15,Drop,뉴솔루션,SAFE_웨어러블 에어백_에이프러스텍(1/10),웨어러블에어백
2025-01-15,Pipeline,뉴솔루션,SAFE_웨어러블 에어백_이미징테크이노베이션(1/10),웨어러블에어백
2025-01-15,Pipeline,뉴솔루션,SAFE_웨어러블 에어백_중원공무엔지니어링(1/13),웨어러블에어백
2025-01-15,Pipeline,뉴솔루션,SAFE_웨어러블 에어백_중원정보기술(1/7),웨어러블에어백
2024-08-29,Closed,뉴솔루션,서울대기숙사 의자 세척,의자케어
2024-11-19,Pipeline,뉴솔루션,CLEAN_의자천갈이_인화원운영센터,의자케어
2024-04-16,Drop,뉴솔루션,LIFE_자동우산털이_곤지암리조트운영센터,자동우산털이
2024-04-16,Closed,뉴솔루션,LIFE_자동우산털이_금융투자센터,자동우산털이
2024-04-25,Drop,뉴솔루션,[삭제] 서울1_자동 우산털이_(CA),자동우산털이
2024-04-25,Drop,뉴솔루션,[삭제] 서울1_자동 우산털이_(LG아트센터),자동우산털이
2024-04-25,Drop,뉴솔루션,[삭제]서울1_빗물제거기(매트형)_(환경에너지),자동우산털이
2024-04-25,Drop,뉴솔루션,서울1_자동우산털이_(환경에너지),자동우산털이
2024-06-28,Drop,뉴솔루션,LIFE_자동우산털이_전자가산R&D캠퍼스,자동우산털이
2024-07-22,Drop,뉴솔루션,서울6본부_자동우산털이_아주디자인 강동사옥,자동우산털이
2024-02-13,Pipeline,뉴솔루션,[목표]LF광양 전기화재 예방 시스템 구축 제안,전기차화재진압장치
2024-03-18,Drop,뉴솔루션,SP운영센터_전기차화재진압,전기차화재진압장치
2024-03-22,Drop,뉴솔루션,[2024년] (변동매출) 금융투자_전기차 소화설비,전기차화재진압장치
2024-03-22,Drop,뉴솔루션,[삭제] 서울1_전기차 화재진압 장치소개서(부가),전기차화재진압장치
2024-03-22,Drop,뉴솔루션,[삭제] 서울1_전기차 화재진압 장치소개서(패트롤),전기차화재진압장치
2024-03-22,Drop,뉴솔루션,[삭제]서울1_전기차 화재진압 장치소개서(BS),전기차화재진압장치
2024-03-22,Pipeline,뉴솔루션,U+논현IDC 전기차화재진압 판매,전기차화재진압장치
2024-03-22,Closed,뉴솔루션,대신위례 전기차 화재 진압 판매,전기차화재진압장치
2024-03-25,Drop,뉴솔루션,[2024년] (변동매출) 트윈타워_전기차 배터리 화재 확산 방지 소화설비 구축 공사,전기차화재진압장치
2024-04-25,Drop,뉴솔루션,[삭제] 서울1_전기차 화재진압 장치소개서_(LG아트센터),전기차화재진압장치
2024-04-25,Pipeline,뉴솔루션,'25년-서울4본부-솔루션-전기차 화재진압-미래에셋 카카오판교아지트,전기차화재진압장치
2024-05-17,Closed,뉴솔루션,SAFE_전기차화재진압시스템_GS강서,전기차화재진압장치
2024-05-17,Drop,뉴솔루션,삭제)SAFE_신규수주,전기차화재진압장치
2024-06-02,Pipeline,뉴솔루션,SAFE_서울2_전기차화재진압시스템_롯데글로벌로지스,전기차화재진압장치
2024-07-02,Pipeline,뉴솔루션,'25년-서울4본부-솔루션-전기차 화재진압-미래에셋 센터원빌딩,전기차화재진압장치
2024-07-02,Pipeline,뉴솔루션,'25년-서울4본부-솔루션-전기차 화재진압-하이닉스,전기차화재진압장치
2024-07-15,Pipeline,뉴솔루션,[목표] LGES대전 사원아파트 전기차화재 예방 시스템 구축 제안,전기차화재진압장치
2024-07-15,Pipeline,뉴솔루션,[목표]신한은행 광주지점 전기차화재 예방 시스템 구축 제안,전기차화재진압장치
2024-07-16,Drop,뉴솔루션,서울4본부-솔루션-전기차 화재진압-U+용산,전기차화재진압장치
2024-07-19,Drop,뉴솔루션,삭제(서울대병원)전기차화재자동진압시스템설치,전기차화재진압장치
2024-08-09,Pipeline,뉴솔루션,'25년-서울4본부-솔루션-전기차 화재진압-GFC,전기차화재진압장치
2024-08-13,Drop,샌디 영업물건,[샌디몰 견적신청] 2024-08-13 - 전기차 화재 진압(24개월),전기차화재진압장치
2024-08-28,Closed,뉴솔루션,전기차화재대응 솔루션_신한은행,전기차화재진압장치
2024-09-30,견적 요청,샌디 영업물건,[샌디몰 견적신청] 2024-09-30 - 전기차 화재대응(일시불),전기차화재진압장치
2024-10-07,잠재고객,샌디 영업물건,SK서린빌딩_전기차화대재응,전기차화재진압장치
2024-10-07,Closed,뉴솔루션,엘지가산디지털운영센터_전기차화재대응솔루션,전기차화재진압장치
2024-10-07,잠재고객,샌디 영업물건,전기차화재대응_IFC,전기차화재진압장치
2024-10-11,Pipeline,뉴솔루션,'25년 서울4본부-솔루션-고정식 전기차 화재진압 (5대)-콘코디언,전기차화재진압장치
2024-10-11,Pipeline,뉴솔루션,4Q-서울4본부-솔루션-전기차소화설비구축-WTC,전기차화재진압장치
2024-10-16,Drop,뉴솔루션,[삭제요청]전기차화재대응 솔루션_JW과천,전기차화재진압장치
2024-10-16,Drop,뉴솔루션,삭제)전기차화재대응 솔루션_마포운영센터,전기차화재진압장치
2024-10-16,Drop,뉴솔루션,삭제)전기차화재대응 솔루션_엔탑자산관리(넷마블),전기차화재진압장치
2024-10-16,Closed,뉴솔루션,전기차화재대응 솔루션_BIFC,전기차화재진압장치
2024-10-16,Pipeline,뉴솔루션,전기차화재대응 솔루션_GS칼텍스 에너지허브,전기차화재진압장치
2024-10-16,Closed,뉴솔루션,전기차화재대응 솔루션_GS칼텍스(서울로),전기차화재진압장치
2024-10-16,Drop,뉴솔루션,전기차화재대응 솔루션_IFC,전기차화재진압장치
2024-10-16,Drop,뉴솔루션,전기차화재대응 솔루션_KCC오토타워,전기차화재진압장치
2024-10-16,Pipeline,뉴솔루션,전기차화재대응 솔루션_KT에스테이트,전기차화재진압장치
2024-10-16,Pipeline,뉴솔루션,전기차화재대응 솔루션_LG화학 대전연구소,전기차화재진압장치
2024-10-16,Pipeline,뉴솔루션,전기차화재대응 솔루션_SK가스사옥,전기차화재진압장치
2024-10-16,Pipeline,뉴솔루션,전기차화재대응 솔루션_SK서린빌딩,전기차화재진압장치
2024-10-16,Pipeline,뉴솔루션,전기차화재대응 솔루션_SK하이닉스 이천,전기차화재진압장치
2024-10-16,Drop,뉴솔루션,전기차화재대응 솔루션_각화골드클래스아파트관리소,전기차화재진압장치
2024-10-16,Drop,뉴솔루션,전기차화재대응 솔루션_건양대학교 대전,전기차화재진압장치
2024-10-16,Closed,뉴솔루션,전기차화재대응 솔루션_광화문빌딩,전기차화재진압장치
2024-10-16,Pipeline,뉴솔루션,전기차화재대응 솔루션_농협중앙회 본사,전기차화재진압장치
2024-10-16,Pipeline,뉴솔루션,전기차화재대응 솔루션_디앤오강서사옥,전기차화재진압장치
2024-10-16,Pipeline,뉴솔루션,전기차화재대응 솔루션_메리츠화재,전기차화재진압장치
2024-10-16,Pipeline,뉴솔루션,전기차화재대응 솔루션_부산진구청,전기차화재진압장치
2024-10-16,Closed,뉴솔루션,전기차화재대응 솔루션_상암CNS,전기차화재진압장치
2024-10-16,Closed,뉴솔루션,전기차화재대응 솔루션_서울역빌딩,전기차화재진압장치
2024-10-16,Pipeline,뉴솔루션,전기차화재대응 솔루션_신한리츠운용,전기차화재진압장치
2024-10-16,Pipeline,뉴솔루션,전기차화재대응 솔루션_쌍봉빌딩,전기차화재진압장치
2024-10-16,Closed,뉴솔루션,전기차화재대응 솔루션_에너지솔루션공장_오창,전기차화재진압장치
2024-10-16,Pipeline,뉴솔루션,전기차화재대응 솔루션_여의도금융투자협회,전기차화재진압장치
2024-10-16,Pipeline,뉴솔루션,전기차화재대응 솔루션_인화원,전기차화재진압장치
2024-10-16,Pipeline,뉴솔루션,전기차화재대응 솔루션_카카오 안산센터,전기차화재진압장치
2024-10-16,Pipeline,뉴솔루션,전기차화재대응 솔루션_쿠팡 이천2센터,전기차화재진압장치
2024-10-16,Pipeline,뉴솔루션,전기차화재대응 솔루션_파르나스호텔,전기차화재진압장치
2024-10-16,Drop,뉴솔루션,전기차화재대응 솔루션_하나은행 명동,전기차화재진압장치
2024-10-16,Pipeline,뉴솔루션,전기차화재대응 솔루션_한국타이어 테크노링(태안),전기차화재진압장치
2024-10-18,Pipeline,뉴솔루션,전기차화재대응 솔루션_한국테크노플렉스(판교),전기차화재진압장치
2024-10-18,Pipeline,뉴솔루션,픽셀플러스 전기차화재대응 솔루션,전기차화재진압장치
2024-10-18,Pipeline,뉴솔루션,하남IDC 전기차화재대응 솔루션,전기차화재진압장치
2024-10-24,Pipeline,뉴솔루션,'25년-서울4본부-솔루션-이동식 전기차 화재진압-두산타워,전기차화재진압장치
2024-10-24,Pipeline,뉴솔루션,'25년-서울4본부-솔루션-전기차 충전소/화재진압 설치-마포빌딩,전기차화재진압장치
2024-10-28,Closed,뉴솔루션,서울1_오창에너지솔루션 (고정) 38대 노즐판매_(안전보건),전기차화재진압장치
2024-11-01,Drop,뉴솔루션,전기차화재대응 솔루션_ibc,전기차화재진압장치
2024-11-01,Closed,뉴솔루션,전기차화재대응 솔루션_JTBC운영센터,전기차화재진압장치
2024-11-01,Pipeline,뉴솔루션,전기차화재대응 솔루션_LG청주 화학공장,전기차화재진압장치
2024-11-01,Pipeline,뉴솔루션,전기차화재대응 솔루션_서울대병원운영센터,전기차화재진압장치
2024-11-01,Closed,뉴솔루션,전기차화재대응 솔루션_중앙일보운영센터,전기차화재진압장치
2024-11-01,Pipeline,뉴솔루션,전기차화재대응 솔루션_테크노돔(대전),전기차화재진압장치
2024-11-04,Closed,뉴솔루션,3Q-19. 서울4본부-솔루션-전기차화재진압솔루션질식소화포-U+상암,전기차화재진압장치
2024-11-04,Closed,뉴솔루션,3Q-20. 서울4본부-솔루션-이동식전기차화재진압장치-CNS상암,전기차화재진압장치
2024-11-05,Closed,뉴솔루션,전기차화재대응 솔루션_YTN상암,전기차화재진압장치
2024-11-08,Drop,뉴솔루션,이동식 전기차화재솔루션_파라다이스시티,전기차화재진압장치
2024-11-08,Pipeline,뉴솔루션,전기차화재솔루션_세아타워,전기차화재진압장치
2024-11-08,Pipeline,뉴솔루션,전기차화재솔루션_호텔갤러리,전기차화재진압장치
2024-11-11,Closed,뉴솔루션,전기차화재대응 솔루션(이동식)_엔탑자산관리,전기차화재진압장치
2024-11-18,Closed,뉴솔루션,전기차화재대응 솔루션_UNIST운영센터,전기차화재진압장치
2024-11-18,Drop,뉴솔루션,전기차화재대응 솔루션_WTC서울,전기차화재진압장치
2024-11-18,Pipeline,뉴솔루션,전기차화재대응 솔루션_롯데홈쇼핑,전기차화재진압장치
2024-11-18,Drop,뉴솔루션,전기차화재대응 솔루션_지타워(관리단),전기차화재진압장치
2024-11-18,Closed,뉴솔루션,전기차화재대응 솔루션_트윈타워(이동형3대),전기차화재진압장치
2024-11-18,Closed,뉴솔루션,전기차화재대응 솔루션_펄어비스,전기차화재진압장치
2024-11-18,Drop,뉴솔루션,전기차화재진압_PSM마케팅,전기차화재진압장치
2024-11-20,Closed,뉴솔루션,이동식전기차화재_서브원 몰_LG엔솔 오창현장,전기차화재진압장치
2024-11-20,Pipeline,뉴솔루션,전기차화재대응_TP타워,전기차화재진압장치
2024-11-21,Pipeline,뉴솔루션,전기차화재 솔루션_SK케미칼,전기차화재진압장치
2024-11-26,Pipeline,뉴솔루션,4Q-서울4본부-솔루션-고정식 전기차화재진압장치-IBC,전기차화재진압장치
2024-11-28,Closed,뉴솔루션,(주)서브원,전기차화재진압장치
2024-11-28,Closed,뉴솔루션,만도글로벌R&D센터 이동식전기차화재진압장비 2세트,전기차화재진압장치
2024-12-03,Pipeline,뉴솔루션,이동식전기차화재_서브원 몰,전기차화재진압장치
2024-12-10,Pipeline,뉴솔루션,전기차화재대응 솔루션_LS일렉트릭(고정식),전기차화재진압장치
2024-12-10,Pipeline,뉴솔루션,전기차화재대응 솔루션_LS일렉트릭(이동식),전기차화재진압장치
2024-12-19,Pipeline,뉴솔루션,전기차화재대응 솔루션_IFC서울,전기차화재진압장치
2025-01-08,Drop,샌디 영업물건,[샌디몰 견적신청] 2025-01-08 - [일시납] 노즐플레이트공사+정기점검 24개월,전기차화재진압장치
2025-01-15,Pipeline,뉴솔루션,Safe_전기차화재진압_CPO(25년),전기차화재진압장치
2025-01-15,Pipeline,뉴솔루션,우체국 금융개발원 보험회관 이동식 전기차화재 솔루션 공급,전기차화재진압장치
2025-01-20,Pipeline,뉴솔루션,SAFE_AICCTV_전기차화재솔루션(25년),전기차화재진압장치
2025-01-20,Pipeline,뉴솔루션,SAFE_이동식전기차화재_LS일렉트로닉4대(25년),전기차화재진압장치
2025-01-20,Pipeline,뉴솔루션,이동식전기차화재_TP타워,전기차화재진압장치
2025-01-20,Pipeline,뉴솔루션,전기차화재대응_LG엔솔_노즐플레이트 판매,전기차화재진압장치
2025-01-21,Pipeline,뉴솔루션,SAFE_이동식전기차화재_(서브원몰)LG엔솔오창3대(25년),전기차화재진압장치
2025-01-21,Pipeline,뉴솔루션,SAFE_이동식전기차화재_IFC9대(25년),전기차화재진압장치
2025-01-21,Pipeline,뉴솔루션,SAFE_이동식전기차화재_TP타워12대(25년),전기차화재진압장치
2025-01-21,Pipeline,뉴솔루션,SAFE_이동식전기차화재_서울대학교병원(혜화동)_3대(25년),전기차화재진압장치
2025-01-23,Closed,뉴솔루션,이동식전기차화재대응솔루션,전기차화재진압장치
2025-02-03,Pipeline,뉴솔루션,SAFE_전기차화재자동진압_D&O 빌딩(25년),전기차화재진압장치
2025-02-03,Pipeline,뉴솔루션,SAFE_전기차화재자동진압_GS칼텍스 주유소(내곡)(25년),전기차화재진압장치
2025-02-03,Pipeline,뉴솔루션,SAFE_전기차화재자동진압_GS칼텍스 주유소(달맞이)(25년),전기차화재진압장치
2025-02-03,Pipeline,뉴솔루션,SAFE_전기차화재자동진압_GS칼텍스 주유소(삼방)(25년),전기차화재진압장치
2025-02-03,Pipeline,뉴솔루션,SAFE_전기차화재자동진압_GS칼텍스 주유소(죽전)(25년),전기차화재진압장치
2025-02-03,Pipeline,뉴솔루션,SAFE_전기차화재자동진압_GS칼텍스 주유소(타워)(25년),전기차화재진압장치
2025-02-03,Pipeline,뉴솔루션,SAFE_전기차화재자동진압_LS일렉트로닉(25년),전기차화재진압장치
2025-02-03,Pipeline,뉴솔루션,SAFE_전기차화재자동진압_SK서린빌딩(25년),전기차화재진압장치
2025-02-03,Pipeline,뉴솔루션,SAFE_전기차화재자동진압_SK케미칼(25년),전기차화재진압장치
2025-02-03,Pipeline,뉴솔루션,SAFE_전기차화재자동진압_SK판교 가스사옥(25년),전기차화재진압장치
2025-02-03,Pipeline,뉴솔루션,SAFE_전기차화재자동진압_WTC(코엑스) 추가공사_10대(25년),전기차화재진압장치
2025-02-03,Pipeline,뉴솔루션,SAFE_전기차화재자동진압_WTC(코엑스) 추가공사_20대(25년),전기차화재진압장치
2025-02-03,Pipeline,뉴솔루션,SAFE_전기차화재자동진압_WTC(코엑스)전기차 배수로 구축공사(25년),전기차화재진압장치
2025-02-03,Pipeline,뉴솔루션,SAFE_전기차화재자동진압_농협중앙회(25년),전기차화재진압장치
2025-02-03,Pipeline,뉴솔루션,SAFE_전기차화재자동진압_두산타워(25년),전기차화재진압장치
2025-02-03,Pipeline,뉴솔루션,SAFE_전기차화재자동진압_롯데홈쇼핑 본사(25년),전기차화재진압장치
2025-02-03,Pipeline,뉴솔루션,SAFE_전기차화재자동진압_송암빌딩(25년),전기차화재진압장치
2025-02-03,Pipeline,뉴솔루션,SAFE_전기차화재자동진압_아마노코리아(25년),전기차화재진압장치
2025-02-03,Pipeline,뉴솔루션,SAFE_전기차화재자동진압_엠갤럴리 호텔(25년),전기차화재진압장치
2025-02-03,Pipeline,뉴솔루션,SAFE_전기차화재자동진압_콘코디언(25년),전기차화재진압장치
2025-02-03,Pipeline,뉴솔루션,SAFE_전기차화재자동진압_한국타이어 대전(25년),전기차화재진압장치
2025-02-03,Pipeline,뉴솔루션,SAFE_전기차화재자동진압_한국타이어 태안(25년),전기차화재진압장치
2025-02-03,Pipeline,뉴솔루션,SAFE_전기차화재자동진압_한국타이어 판교(25년),전기차화재진압장치
2025-02-03,Pipeline,뉴솔루션,이동식 전기차화재_AK플라자,전기차화재진압장치
2025-02-05,Closed,뉴솔루션,전기차화재대응_유지관리_IBC빌딩,전기차화재진압장치
2025-02-11,Pipeline,뉴솔루션,전기차화재대응_유지관리_신한은행 본점,전기차화재진압장치
2024-08-29,Closed,뉴솔루션,서울대기숙사 ESG 절수패키지 (절수기 및 샤워기),절수PKG
2024-03-18,Closed,뉴솔루션,서울2본부_제빙기_전자가산R&D_1차,제빙기
2024-04-16,Closed,뉴솔루션,서울2본부_제빙기_전자가산R&D_2차,제빙기
2024-04-22,Drop,뉴솔루션,남부1본부_제빙기_LGES오창운영센터,제빙기
2024-04-25,Drop,뉴솔루션,[삭제]서울1_제빙기(CA),제빙기
2024-05-07,Drop,뉴솔루션,남부2본부_제빙기_U+부산감전운영센터,제빙기
2024-02-15,Drop,뉴솔루션,24년 솔루션목표(BIFC)_Sandi Safe(주방화재),주방소화장치
2024-04-16,Pipeline,뉴솔루션,SAFE_자동소화장치_KB여의도IT,주방소화장치
2024-04-16,Drop,뉴솔루션,SAFE_자동소화장치_LS일렉트릭부산,주방소화장치
2024-04-16,Potential,뉴솔루션,SAFE_자동소화장치_금융투자,주방소화장치
2024-04-16,Closed,뉴솔루션,SAFE_자동소화장치_엘지가산디지털,주방소화장치
2024-04-16,Drop,뉴솔루션,SAFE_자동소화장치_한국테크노플렉스,주방소화장치
2024-04-16,Drop,뉴솔루션,삭제)SAFE_자동소화장치_GS강서N타워,주방소화장치
2024-04-16,Drop,뉴솔루션,삭제)SAFE_자동소화장치_GS강서타워,주방소화장치
2024-04-16,Drop,뉴솔루션,삭제)SAFE_자동소화장치_서울대기숙사,주방소화장치
2024-05-28,Drop,뉴솔루션,SAFE_자동소화장치_곤지암GC,주방소화장치
2024-05-28,Drop,뉴솔루션,삭제)SAFE_자동소화장치_곤지암리조트,주방소화장치
2024-06-02,Drop,뉴솔루션,SAFE_서울2_자동소화장치_아워홈,주방소화장치
2024-10-02,Pipeline,뉴솔루션,SAFE_자동소화장치_생활연수원,주방소화장치
2024-04-09,Drop,뉴솔루션,(삭제)(광화문빌빌딩운영센터)음식물처리기설치제안,주방클린케어
2024-04-09,Drop,뉴솔루션,(삭제)(서울역빌딩운영센터)음식물처리기설치제안,주방클린케어
2024-11-15,Closed,뉴솔루션,CLEAN_주방클린케어_서울2(오크우드인천),주방클린케어
2025-01-20,Pipeline,뉴솔루션,CLEAN_주방클린케어_로드샵매장(25년),주방클린케어
2025-01-20,Pipeline,뉴솔루션,CLEAN_주방클린케어_미정(25년),주방클린케어
2025-01-20,Pipeline,뉴솔루션,CLEAN_주방클린케어_백화점매장(25년),주방클린케어
2025-01-20,Pipeline,뉴솔루션,CLEAN_주방클린케어_아워홈 후드덕트클리닝 1(25년),주방클린케어
2025-01-20,Pipeline,뉴솔루션,CLEAN_주방클린케어_아워홈 후드덕트클리닝 2(25년),주방클린케어
2025-01-20,Pipeline,뉴솔루션,CLEAN_주방클린케어_켄싱턴호텔 후드덕트클리닝(25년),주방클린케어
2025-01-20,Pipeline,뉴솔루션,CLEAN_주방클린케어_파라다이스시티 후드덕트클리닝(삼구)(25년),주방클린케어
2025-01-20,Pipeline,뉴솔루션,CLEAN_주방클린케어_푸드코트1(25년),주방클린케어
2024-02-29,Pipeline,뉴솔루션,PARKING_서울2_LF스퀘어 인천 주차장비,주차장비구매
2024-03-15,Pipeline,뉴솔루션,[삭제]주차_SP2차부지,주차장비구매
2024-04-16,Closed,뉴솔루션,[마감]주차_신한은행평택,주차장비구매
2024-04-16,Closed,뉴솔루션,[마감]주차_유플러스 통합 10개소,주차장비구매
2024-04-16,Closed,뉴솔루션,[마감]주차_한국타이어평택,주차장비구매
2024-04-16,Drop,뉴솔루션,[삭제]주차_UNIST,주차장비구매
2024-04-16,Drop,뉴솔루션,[삭제]주차_계양구청,주차장비구매
2024-04-16,Drop,뉴솔루션,[삭제]주차_원주하얏트,주차장비구매
2024-04-16,Drop,뉴솔루션,[삭제]주차_한신더휴메트로,주차장비구매
2024-04-25,Closed,뉴솔루션,2Q-13. 서울4본부-솔루션-주차장비 구매-한국타이어 평택물류센터,주차장비구매
2024-04-26,Drop,뉴솔루션,[삭제]주차_타임테라스판매,주차장비구매
2024-04-29,Drop,뉴솔루션,[삭제]주차-엔솔오창,주차장비구매
2024-04-29,Closed,뉴솔루션,[삭제]주차-트윈타워,주차장비구매
2024-05-07,Closed,뉴솔루션,[마감]주차_판교계룡건설,주차장비구매
2024-05-07,Drop,뉴솔루션,[삭제]주차_장충동파라다이스시티,주차장비구매
2024-05-14,Closed,뉴솔루션,[마감]주차_전자가산R&D(변동성일시불),주차장비구매
2024-05-28,Closed,뉴솔루션,[마감]주차_과천계룡건설,주차장비구매
2024-07-05,Drop,뉴솔루션,"ZF_Parking_미래에셋증권(여의도,창원,주안) 통합 주차시스템",주차장비구매
2024-07-29,Drop,뉴솔루션,[삭제]주차_천안갤러리아,주차장비구매
2024-08-05,Closed,뉴솔루션,[마감]주차_자이운정,주차장비구매
2024-08-12,Drop,뉴솔루션,[삭제]주차_서울마리나리조트,주차장비구매
2024-08-17,Closed,뉴솔루션,PARKING_서울2_전자가산R&D캠퍼스 주차장비,주차장비구매
2024-10-03,Closed,뉴솔루션,[마감]주차_자이검단,주차장비구매
2024-10-03,Closed,뉴솔루션,[마감]주차_자이영통,주차장비구매
2024-10-03,Closed,뉴솔루션,[마감]주차_자이포항,주차장비구매
2024-10-18,Closed,뉴솔루션,[마감]주차_강원랜드,주차장비구매
2024-10-18,Closed,뉴솔루션,[마감]주차_공군본부_1,주차장비구매
2024-10-18,Closed,뉴솔루션,[마감]주차_국립자연휴양림,주차장비구매
2024-10-18,Closed,뉴솔루션,[마감]주차_해군본부,주차장비구매
2024-10-25,Closed,뉴솔루션,[마감]주차_공군본부_2,주차장비구매
2024-10-25,Closed,뉴솔루션,PARKING_서울2_주차장비 구매_U+군(2개 사업장),주차장비구매
2024-11-08,Closed,뉴솔루션,[마감]주차_안산시청,주차장비구매
2024-11-12,Closed,뉴솔루션,[마감]주차_사단법인 환경실천연합회,주차장비구매
2025-01-15,Pipeline,뉴솔루션,Parking_주차 장비판매_CPO(25년),주차장비구매
2025-01-20,Pipeline,뉴솔루션,Parking_주차장비구매_강원랜드2(25년),주차장비구매
2024-02-13,Drop,뉴솔루션,[목표]LGES오창공장 주차시스템 서비스 제공,주차장위탁운영
2024-02-16,Closed,뉴솔루션,전국구 Sales_Product_Commit_Parking_중부1본부,주차장위탁운영
2024-03-15,Closed,뉴솔루션,[마감]주차_서울여대,주차장위탁운영
2024-03-15,Drop,뉴솔루션,[삭제]주차_GFC,주차장위탁운영
2024-03-15,Drop,뉴솔루션,[삭제]주차_과천어반허브,주차장위탁운영
2024-03-15,Drop,뉴솔루션,[삭제]주차_덕성여대,주차장위탁운영
2024-03-15,Drop,뉴솔루션,[삭제]주차_디앤오강서,주차장위탁운영
2024-03-15,Drop,뉴솔루션,[삭제]주차_롯데마트중계점,주차장위탁운영
2024-03-15,Drop,뉴솔루션,[삭제]주차_메세나폴리스,주차장위탁운영
2024-03-15,Drop,뉴솔루션,[삭제]주차_스퀘어원,주차장위탁운영
2024-03-15,Drop,뉴솔루션,[삭제]주차_영신빌딩,주차장위탁운영
2024-03-15,Drop,뉴솔루션,[삭제]주차_중앙유통단지,주차장위탁운영
2024-03-22,Drop,뉴솔루션,서울1_주차장 위탁운영(주차시스템판매)_(정보보안),주차장위탁운영
2024-04-09,Drop,뉴솔루션,(삭제)(신한은행운영센터)주요빌딩 무인주차 제안,주차장위탁운영
2024-04-16,Closed,뉴솔루션,[마감]주차_미래에셋여의도,주차장위탁운영
2024-04-16,Drop,뉴솔루션,[삭제]주차_KG타워,주차장위탁운영
2024-04-16,Drop,뉴솔루션,[삭제]주차_센터포인트,주차장위탁운영
2024-04-16,Drop,뉴솔루션,[삭제]주차_파인에비뉴,주차장위탁운영
2024-04-16,Drop,뉴솔루션,[삭제]주차_하나금융투자증권여의도,주차장위탁운영
2024-04-16,Drop,뉴솔루션,"[삭제]주차_홈플러스2개소(대구성서,수성)",주차장위탁운영
2024-04-25,Drop,뉴솔루션,서울1_주차장 위탁운영_(2차부지),주차장위탁운영
2024-04-26,Drop,뉴솔루션,[삭제]주차_타임테라스,주차장위탁운영
2024-04-29,Drop,뉴솔루션,[삭제]주차-타임스퀘어,주차장위탁운영
2024-05-07,Drop,뉴솔루션,[삭제]주차_부산예광빌딩,주차장위탁운영
2024-05-07,Drop,뉴솔루션,[삭제]주차_판교SK허브,주차장위탁운영
2024-05-14,Drop,뉴솔루션,[삭제]주차_시그나타워,주차장위탁운영
2024-05-14,Drop,뉴솔루션,[삭제]주차_씨젠송파빌딩,주차장위탁운영
2024-05-16,Drop,뉴솔루션,(KT＆G운영센터)강동사옥 주차서비스,주차장위탁운영
2024-06-04,Drop,뉴솔루션,[삭제]주차_일산암센터,주차장위탁운영
2024-06-04,Drop,뉴솔루션,[삭제]주차-하이베라스,주차장위탁운영
2024-06-11,Closed,뉴솔루션,[마감]주차_747타워,주차장위탁운영
2024-06-11,Drop,뉴솔루션,[삭제]주차_트라인컴퍼니,주차장위탁운영
2024-07-01,Drop,뉴솔루션,[삭제]주차_홈플러스송탄,주차장위탁운영
2024-07-02,Closed,뉴솔루션,[마감]주차_용평리조트,주차장위탁운영
2024-07-15,Drop,뉴솔루션,[삭제]주차_TP타워,주차장위탁운영
2024-07-22,Drop,뉴솔루션,[삭제]주차_다이소3개소,주차장위탁운영
2024-07-29,Drop,뉴솔루션,[삭제]주차_건국대학교,주차장위탁운영
2024-08-12,Drop,뉴솔루션,[삭제]주차_LF스퀘어인천,주차장위탁운영
2024-08-12,Drop,뉴솔루션,[삭제]주차_동양생명5개소,주차장위탁운영
2024-08-12,Drop,뉴솔루션,[삭제]주차_원주세브란스,주차장위탁운영
2024-08-19,Closed,뉴솔루션,[마감]주차_세종에비뉴힐,주차장위탁운영
2024-08-26,Drop,뉴솔루션,[삭제]주차_양재하이브랜드,주차장위탁운영
2024-09-02,Closed,뉴솔루션,[마감]주차_안녕인사동,주차장위탁운영
2024-09-09,Drop,뉴솔루션,[삭제]주차_국립제주대,주차장위탁운영
2024-10-03,Closed,뉴솔루션,[마감]주차_유성선병원,주차장위탁운영
2024-10-03,Drop,뉴솔루션,[삭제]주차_건국대병원,주차장위탁운영
2024-10-03,Drop,뉴솔루션,[삭제]주차_용인세브란스,주차장위탁운영
2024-10-18,Closed,뉴솔루션,[마감]주차_눈스퀘어,주차장위탁운영
2024-10-18,Drop,뉴솔루션,[삭제]주차_도봉새마을금고,주차장위탁운영
2024-10-18,Drop,뉴솔루션,[삭제]주차_룩소르퍼스트비즈타워,주차장위탁운영
2024-10-18,Drop,뉴솔루션,[삭제]주차_청강스타빌딩,주차장위탁운영
2024-10-18,Drop,뉴솔루션,[삭제]주차_청주시나대지,주차장위탁운영
2025-01-20,Pipeline,뉴솔루션,Parking_LF스퀘어광양(25년),주차장위탁운영
2025-01-20,Pipeline,뉴솔루션,Parking_YTN(25년),주차장위탁운영
2025-01-20,Pipeline,뉴솔루션,Parking_강서N타워(25년),주차장위탁운영
2025-01-20,Pipeline,뉴솔루션,Parking_교직원공제회 지방회관_8개소(25년),주차장위탁운영
2025-01-20,Pipeline,뉴솔루션,Parking_그레이스숭례(25년),주차장위탁운영
2025-01-20,Pipeline,뉴솔루션,Parking_롯데시티호텔명동(25년),주차장위탁운영
2025-01-20,Pipeline,뉴솔루션,Parking_상암전자회관(25년),주차장위탁운영
2025-01-20,Pipeline,뉴솔루션,Parking_성산빌딩(25년),주차장위탁운영
2025-01-20,Pipeline,뉴솔루션,Parking_아스테리움용산(25년),주차장위탁운영
2025-01-20,Pipeline,뉴솔루션,Parking_에스트레뉴(25년),주차장위탁운영
2025-01-20,Pipeline,뉴솔루션,Parking_연세동문회관(25년),주차장위탁운영
2025-01-20,Pipeline,뉴솔루션,Parking_연세의료원(25년),주차장위탁운영
2025-01-20,Pipeline,뉴솔루션,Parking_연세의료원연구오피스텔(25년),주차장위탁운영
2025-01-20,Pipeline,뉴솔루션,Parking_의정부센트럴타워(25년),주차장위탁운영
2025-01-20,Pipeline,뉴솔루션,Parking_인천화평공영주차장(25년),주차장위탁운영
2025-01-20,Pipeline,뉴솔루션,Parking_제주대학교(25년),주차장위탁운영
2025-01-20,Pipeline,뉴솔루션,Parking_킨텍스(25년),주차장위탁운영
2025-01-20,Pipeline,뉴솔루션,Parking_판교차병원(25년),주차장위탁운영
2025-01-20,Pipeline,뉴솔루션,Parking_평택썬앤문주차타워(25년),주차장위탁운영
2025-01-20,Pipeline,뉴솔루션,Parking_한진빌딩(25년),주차장위탁운영
2025-01-20,Pipeline,뉴솔루션,Parking_홈플러스A(25년),주차장위탁운영
2025-01-20,Pipeline,뉴솔루션,Parking_홈플러스B(25년),주차장위탁운영
2024-03-15,Pipeline,뉴솔루션,도체오타워 PM,중소형자산관리
2024-03-15,Closed,뉴솔루션,동안 새마을금고 사옥 PM,중소형자산관리
2024-03-15,Closed,뉴솔루션,성남제일 새마을금고 사옥 PM,중소형자산관리
2024-03-15,Pipeline,뉴솔루션,엠빌딩 PFM,중소형자산관리
2024-03-15,Pipeline,뉴솔루션,영화빌딩 PM,중소형자산관리
2024-03-15,Pipeline,뉴솔루션,우창빌딩 PM,중소형자산관리
2024-03-15,Pipeline,뉴솔루션,웨스트엔드 구분소유 PM,중소형자산관리
2024-03-15,Target,뉴솔루션,장안동 414-2 PFM,중소형자산관리
2024-04-16,Potential,뉴솔루션,CS타워 PFM,중소형자산관리
2024-04-16,Target,뉴솔루션,MG새마을금고 4동 PM(통합),중소형자산관리
2024-04-16,Target,뉴솔루션,"MG자산관리 미화,보안(통합)",중소형자산관리
2024-04-16,Drop,뉴솔루션,이범타워PM,중소형자산관리
2024-04-16,Drop,뉴솔루션,하나은행 상속증여물건 PM 10동(통합),중소형자산관리
2024-04-16,Target,뉴솔루션,하나은행 원케어 4동 PM (통합),중소형자산관리
2024-04-29,Closed,뉴솔루션,NC백화점3개점통합,중소형자산관리
2024-04-29,Target,뉴솔루션,N타워 PFM,중소형자산관리
2024-05-14,Closed,뉴솔루션,동안새마을금고 LM,중소형자산관리
2024-05-14,Target,뉴솔루션,창훈빌딩 매각컨설팅,중소형자산관리
2024-05-16,Drop,뉴솔루션,삭제 [2024]누디트홍대비상주PM,중소형자산관리
2024-05-17,Target,뉴솔루션,여암빌딩 PFM,중소형자산관리
2024-05-20,Pipeline,뉴솔루션,하나은행 원케어 4동 FM (통합),중소형자산관리
2024-07-16,Pipeline,뉴솔루션,논현동 242-47 PFM,중소형자산관리
2024-07-22,Pipeline,뉴솔루션,위브리빙 선유 FM,중소형자산관리
2024-07-26,Target,뉴솔루션,오엔빌딩 매각컨설팅,중소형자산관리
2024-08-01,Target,뉴솔루션,맥시카나사옥 PFM,중소형자산관리
2024-08-13,Drop,뉴솔루션,아주디자인그룹 사옥FM,중소형자산관리
2024-08-16,Drop,뉴솔루션,논현동 9-2 FM,중소형자산관리
2024-08-16,Closed,뉴솔루션,일산새마을금고 사옥PM,중소형자산관리
2024-08-16,Closed,뉴솔루션,"청담동 3-7,10 FM",중소형자산관리
2024-08-21,Closed Lost,샌디 영업물건,[샌디몰 견적신청] 2024-08-21 - 빌딩자산관리 (12개월),중소형자산관리
2024-08-22,Drop,샌디 영업물건,[샌디몰 패키지 견적신청] 2024-08-22 - 빌딩자산관리 (12개월) 외 3건,중소형자산관리
2024-09-04,Target,뉴솔루션,이문동 77-16 PFM,중소형자산관리
2024-09-06,Drop,샌디 영업물건,[샌디몰 견적신청] 2024-09-06 - 빌딩자산관리 (24개월),중소형자산관리
2024-09-19,Closed,뉴솔루션,리파인사옥 FM,중소형자산관리
2024-09-19,Target,뉴솔루션,목동 404-160 LM,중소형자산관리
2024-09-20,Target,뉴솔루션,권선동 1010 PFM,중소형자산관리
2024-09-20,Pipeline,뉴솔루션,서초동 1366 PFM,중소형자산관리
2024-09-20,Pipeline,뉴솔루션,에셈타워 PFM,중소형자산관리
2024-09-20,Target,뉴솔루션,역삼동 823-35 PFM,중소형자산관리
2024-09-20,Target,뉴솔루션,인계동 1031-14 PFM,중소형자산관리
2024-10-11,Target,뉴솔루션,도선동 250-7 매각컨설팅,중소형자산관리
2024-10-11,Target,뉴솔루션,청룡빌딩 임대컨설팅,중소형자산관리
2024-11-01,Closed,뉴솔루션,광교빌딩 PM,중소형자산관리
2024-11-01,Drop,뉴솔루션,한승빌딩FM,중소형자산관리
2024-12-20,견적 요청,샌디 영업물건,[샌디몰 견적신청] 2024-12-20 - 빌딩자산관리 (12개월),중소형자산관리
2025-01-21,Pipeline,뉴솔루션,ASSET_CJ텔레닉스(구로)(25년),중소형자산관리
2025-01-21,Pipeline,뉴솔루션,ASSET_CS타워(25년),중소형자산관리
2025-01-21,Pipeline,뉴솔루션,ASSET_HB FM 3건(25년),중소형자산관리
2025-01-21,Pipeline,뉴솔루션,ASSET_HB PM 10건(25년),중소형자산관리
2025-01-21,Pipeline,뉴솔루션,ASSET_LM/매각(25년),중소형자산관리
2025-01-21,Pipeline,뉴솔루션,ASSET_MG새마을14건(25년),중소형자산관리
2025-01-21,Pipeline,뉴솔루션,ASSET_MG새마을보안(25년),중소형자산관리
2025-01-21,Pipeline,뉴솔루션,ASSET_MK(25년),중소형자산관리
2025-01-21,Pipeline,뉴솔루션,ASSET_권선동 1010(25년),중소형자산관리
2025-01-21,Pipeline,뉴솔루션,ASSET_답십리새마을금고(25년),중소형자산관리
2025-01-21,Pipeline,뉴솔루션,ASSET_법무법인 화우 3건(25년),중소형자산관리
2025-01-21,Pipeline,뉴솔루션,ASSET_법무법인 화우 4건(25년),중소형자산관리
2025-01-21,Pipeline,뉴솔루션,ASSET_샌디몰 FM 10건(25년),중소형자산관리
2025-01-21,Pipeline,뉴솔루션,ASSET_샌디몰 PM 12건(25년),중소형자산관리
2025-01-21,Pipeline,뉴솔루션,ASSET_서초동1366(25년),중소형자산관리
2025-01-21,Pipeline,뉴솔루션,ASSET_에셈타워(25년),중소형자산관리
2025-01-21,Pipeline,뉴솔루션,ASSET_여암빌딩(25년),중소형자산관리
2025-01-21,Pipeline,뉴솔루션,ASSET_역삼동 823-35(25년),중소형자산관리
2025-01-21,Pipeline,뉴솔루션,ASSET_영동기업 PM(25년),중소형자산관리
2025-01-21,Pipeline,뉴솔루션,ASSET_이문동 77-16(25년),중소형자산관리
2025-01-21,Pipeline,뉴솔루션,ASSET_이스턴네트워크(25년),중소형자산관리
2025-01-21,Pipeline,뉴솔루션,ASSET_인계동 1031-14(25년),중소형자산관리
2025-01-21,Pipeline,뉴솔루션,ASSET_장안동신축(25년),중소형자산관리
2025-01-21,Pipeline,뉴솔루션,ASSET_화성새마을금고(25년),중소형자산관리
2025-01-21,Pipeline,뉴솔루션,SAFE_전기차화재질식소화포_전기차화재보급현장Up-selling(25년),질식소화포
2024-03-18,Closed,뉴솔루션,청소로봇케어_DM스퀘어 청소로봇 서비스(사총),청소로봇
2024-03-18,Closed,뉴솔루션,청소로봇케어_네이버데이터센터 각세종 청소로봇(사총),청소로봇
2024-03-18,Closed,뉴솔루션,청소로봇케어_미성지에스이 청소로봇,청소로봇
2024-03-18,Closed,뉴솔루션,청소로봇케어_씨지인바이츠 마곡R&D 청소로봇(사총),청소로봇
2024-03-18,Closed,뉴솔루션,청소로봇케어_여의도포스트타워 청소로봇(사총),청소로봇
2024-03-18,Closed,뉴솔루션,청소로봇케어_유니클로 청소로봇 서비스(사총),청소로봇
2024-04-01,Closed,뉴솔루션,청소로봇케어_SP운영센터(2차부지)(사총),청소로봇
2024-04-01,Closed,뉴솔루션,청소로봇케어_픽셀플러스운영센터(사총),청소로봇
2024-04-16,Pipeline,뉴솔루션,청소로봇케어_CP3,청소로봇
2024-04-16,Drop,뉴솔루션,청소로봇케어_남부1,청소로봇
2024-04-16,Closed,뉴솔루션,청소로봇케어_무인양품 건습식,청소로봇
2024-04-16,Drop,뉴솔루션,청소로봇케어_재판매영업_서울1,청소로봇
2024-04-16,Drop,뉴솔루션,청소로봇케어_중부1,청소로봇
2024-04-16,Closed,뉴솔루션,청소로봇케어_포티투닷,청소로봇
2024-05-13,Closed,뉴솔루션,청소로봇케어_미래에셋센터원(아이비에스인더스트리)(사총),청소로봇
2024-06-03,Closed,뉴솔루션,청소로봇케어_포스코센터,청소로봇
2024-06-04,Closed,뉴솔루션,청소로봇케어_LG전자(SW유지보수),청소로봇
2024-07-05,Closed,뉴솔루션,1Q-01. 서울4본부-솔루션-네이버 세종 데이터센터 청소로봇 서비스,청소로봇
2024-07-05,Closed,뉴솔루션,청소로봇케어_IBS(포티투닷 습식청소로봇),청소로봇
2024-07-17,Closed,뉴솔루션,2Q-14. 서울4본부-솔루션-청소로봇-미래에셋센터원빌딩,청소로봇
2024-08-30,Drop,뉴솔루션,CLEAN_청소로봇케어_서울6(아주디자인),청소로봇
2024-09-06,Closed,뉴솔루션,롯데제과 청소로봇 흡진서비스,청소로봇
2024-11-15,Closed,뉴솔루션,CLEAN-청소로봇케어_서울6-G5센트럴,청소로봇
2024-11-15,Closed,뉴솔루션,솔루션_청소로봇케어_SP DP3(LG Display)-사총,청소로봇
2024-11-15,Closed,뉴솔루션,솔루션_청소로봇케어_가비아,청소로봇
2025-01-15,Pipeline,뉴솔루션,Clean_청소로봇_CPO(25년),청소로봇
2025-01-20,Pipeline,뉴솔루션,CLEAN_청소로봇케어_H&M습식5대(25년),청소로봇
2025-01-20,Pipeline,뉴솔루션,CLEAN_청소로봇케어_가든파이브(25년),청소로봇
2025-01-20,Pipeline,뉴솔루션,CLEAN_청소로봇케어_무인양품습식3대(25년),청소로봇
2025-01-20,Pipeline,뉴솔루션,CLEAN_청소로봇케어_탑텐습식10대(25년),청소로봇
2024-04-09,Drop,뉴솔루션,삭제(신한은행운영센터)영업점 청소용품 납품 제안,청소용품
2024-04-25,Closed,뉴솔루션,서울1_친환경 청소용품_(2차부지),청소용품
2024-11-15,Closed,뉴솔루션,CLEAN-친환경청소용품-서울4(해드림),청소용품
2024-11-18,Pipeline,뉴솔루션,[2024년] CLEAN-친환경청소용품-남부1(해비치호텔리조트),청소용품
2024-03-22,Drop,뉴솔루션,서울1_청소장비 솔루션_(EA센터),청소장비솔루션
2024-04-16,Drop,뉴솔루션,CLEAN_청소장비 솔루션_서울1본부(SP DP3),청소장비솔루션
2024-06-04,Closed,뉴솔루션,CLEAN_청소장비 솔루션_중부2본부(한국테크노플렉스운영센터),청소장비솔루션
2024-07-12,Pipeline,뉴솔루션,CLEAN_청소장비 솔루션_서울4본부(상암 유플러스),청소장비솔루션
2024-07-12,Drop,뉴솔루션,CLEAN_청소장비 솔루션_서울5본부(백상drop),청소장비솔루션
2024-08-19,Closed,뉴솔루션,CLEAN_청소장비 솔루션_서울2본부(디큐브시티),청소장비솔루션
2024-08-26,Drop,뉴솔루션,CLEAN_청소장비 솔루션_서울6(아주디자인)_삭제,청소장비솔루션
2024-08-30,Closed,뉴솔루션,CLEAN_청소장비솔루션_서울3(금융투자),청소장비솔루션
2024-08-30,Closed,뉴솔루션,CLEAN_청소장비솔루션_서울5(KT&G을지로)_사총,청소장비솔루션
2024-09-06,Closed,뉴솔루션,CLEAN_청소장비솔루션_중부2(포티투닷),청소장비솔루션
2024-09-06,Closed,뉴솔루션,CLEAN-청소장비솔루션-서울3(신한투자증권&꿈누리),청소장비솔루션
2024-09-11,Closed,뉴솔루션,CLEAN_청소장비 솔루션_서울5본부(충무로15),청소장비솔루션
2024-09-12,Closed Lost,뉴솔루션,CLEAN_청소장비 솔루션_서울5본부(백상/본사 및 연구실),청소장비솔루션
2024-11-14,Closed,뉴솔루션,CLEAN_청소장비 솔루션_서울1(백상/K스퀘어마곡),청소장비솔루션
2024-11-14,Closed,뉴솔루션,CLEAN_청소장비 솔루션_서울2(백상/인천세탁사업소),청소장비솔루션
2024-11-14,Closed,뉴솔루션,CLEAN_청소장비 솔루션_서울4(지수/누디트홍대),청소장비솔루션
2024-11-15,Closed,뉴솔루션,CLEAN_청소장비솔루션_백상인천세탁사업소,청소장비솔루션
2024-11-15,Closed,뉴솔루션,솔루션_청소장비솔루션_LG화학오산운영센터-사총,청소장비솔루션
2024-12-15,견적 요청,샌디 영업물건,[샌디몰 견적신청] 2024-12-15 - 청소장비 솔루션 (렌탈),청소장비솔루션
2025-01-06,견적,샌디 영업물건,[샌디몰 견적신청] 2025-01-06 - 청소장비 솔루션,청소장비솔루션
2025-01-15,Pipeline,뉴솔루션,Clean_청소장비_CPO(25년),청소장비솔루션
2025-02-04,Pipeline,뉴솔루션,CLEAN-청소장비솔루션-미성앰프로,청소장비솔루션
2024-04-16,Drop,뉴솔루션,CLEAN_청소품질컨설팅_공장,청소품질컨설팅
2024-04-16,Drop,뉴솔루션,CLEAN_청소품질컨설팅_병원,청소품질컨설팅
2024-10-22,Drop,샌디 영업물건,"[샌디몰 패키지 견적신청] 2024-10-22 - 청소품질컨설팅, 화장실 진단서비스, 화장실 1개소 외 1건",청소품질컨설팅
2024-02-16,Closed,뉴솔루션,전국구 Sales_Product_Commit_Life_중부1본부,카페
2024-02-29,Closed,뉴솔루션,뉴마켓_Life_서울2본부_LG마그나,카페
2024-03-15,Drop,뉴솔루션,[삭제]서울5본부_사내카페_카카오뱅크,카페
2024-04-15,Drop,뉴솔루션,서울3본부_사내카페_키움투자자산운용,카페
2024-06-17,Drop,뉴솔루션,서울2본부_사내카페_GS강서타워,카페
2024-06-17,Drop,뉴솔루션,서울5본부_사내카페_그랑서울,카페
2024-06-17,Drop,뉴솔루션,서울6본부_사내카페 영업,카페
2024-06-17,Drop,뉴솔루션,중부1본부 사내카페 영업,카페
2024-07-09,Closed,뉴솔루션,(변동매출) 전자서초 커피솔루션,카페
2024-07-22,Drop,뉴솔루션,서울6본부_사내카페_아주디자인 강동사옥,카페
2024-07-29,Pipeline,뉴솔루션,LIFE_사내카페자이_C&A_서울1본부(25년),카페
2024-08-12,Pipeline,뉴솔루션,LIFE_사내카페_LGAI연구원(25년),카페
2024-08-20,Pipeline,뉴솔루션,남부2본부_사내카페_Unist운영센터,카페
2024-09-09,Drop,뉴솔루션,중부1본부_사내카페_가비아운영센터,카페
2024-11-29,Closed,뉴솔루션,GS칼텍스 에너지플러스허브 사내카페,카페
2025-01-14,Pipeline,뉴솔루션,LIFE_사내카페(매장형)_KAIST 베이커리 카페,카페
2025-01-14,Pipeline,뉴솔루션,LIFE_사내카페(매장형)_여주대학교,카페
2025-01-17,Pipeline,뉴솔루션,LIFE_사내카페_신규수주(25년),카페
2025-01-17,Pipeline,뉴솔루션,LIFE_샌디카페_Unist운영센터(25년),카페
2025-01-17,Pipeline,뉴솔루션,LIFE_샌디카페_마곡사옥(25년),카페
2025-01-17,Pipeline,뉴솔루션,LIFE_샌디카페_신규수주(25년),카페
2025-01-17,Pipeline,뉴솔루션,영업물건관리 LIFE_사내카페(매장형)_서울대학교,카페
2024-03-18,Closed,뉴솔루션,서울5본부_커피머신_서울방재전문기술단,커피머신
2024-03-18,Drop,뉴솔루션,서울6본부_커피머신_스파크플러스,커피머신
2024-03-26,Closed,뉴솔루션,서울6본부_커피머신_IBS,커피머신
2024-05-07,Drop,뉴솔루션,서울6본부_커피머신+원두_전자서초R&D운영센터,커피머신
2024-05-16,Drop,뉴솔루션,(삭제)(소액수선)카카오뱅크 커피사업,커피머신
2024-08-12,Closed,뉴솔루션,서울5본부_커피머신_지수아이앤씨,커피머신
2024-05-08,Drop,뉴솔루션,서울4본부_탄산수제조기_U+용산운영센터,탄산수제조기
2024-03-22,Drop,뉴솔루션,전자서초 텀블러세척기,텀블러세척기
2024-04-16,Pipeline,뉴솔루션,서울6본부_텀블러세정기_논현IDC,텀블러세척기
2024-04-19,Pipeline,뉴솔루션,서울4본부_텀블러세척기_마포운영센터,텀블러세척기
2024-04-25,Drop,뉴솔루션,[삭제] 서울1_텀블러 자동세척기(CA),텀블러세척기
2024-07-08,Drop,뉴솔루션,남부1본부_텀블러세정기_LG엔솔오창운영센터,텀블러세척기
2024-09-06,Closed,뉴솔루션,남부1_한국교직원전북_텀블러세척기,텀블러세척기
2024-09-06,Drop,뉴솔루션,중부1_쿠팡풀필먼트_통근버스운영,통근버스플랫폼
2025-01-17,Pipeline,뉴솔루션,"LIFE_기업형셔틀_kTDS,제총회 6개사(25년)",통근버스플랫폼
2025-01-17,Pipeline,뉴솔루션,"LIFE_지역형셔틀_천안,아산 공장지역(25년)",통근버스플랫폼
2025-01-17,Pipeline,뉴솔루션,LIFE_지역형통근_JW제약(25년),통근버스플랫폼
2024-04-03,Drop,뉴솔루션,[삭제]LG전자 LG서울역빌딩 폰부스,폰부스
2024-04-03,Closed,뉴솔루션,[수주]지수아이앤씨 본사 폰부스,폰부스
2024-05-20,Closed,뉴솔루션,폰부스 연간 상품 판매,폰부스
2025-01-17,Pipeline,뉴솔루션,Interior_폰부스_내/외부고객(25년),폰부스
2024-03-18,Drop,뉴솔루션,[삭제]동양생명 대구사옥 화장실리모델링,화장실리모델링
2024-03-18,Drop,뉴솔루션,[삭제]동양생명 분당사옥 화장실리모델링,화장실리모델링
2024-04-19,Drop,뉴솔루션,휴맥스빌리지 화장실리모델링,화장실리모델링
2024-10-11,Drop,뉴솔루션,[삭제]마포빌딩 화장실 인테리어,화장실리모델링
2024-10-24,Pipeline,뉴솔루션,'25년-서울4본부-솔루션-전층 화장실 개선-마포빌딩,화장실리모델링
